"participant_id","created_at"
"CQ_69e0a780e7c9d8.63775195","2026-04-16 09:10:24"
"CQ_69ea19a91c7513.16391615","2026-04-23 13:07:53"
"CQ_69ea1d986e0a06.73371748","2026-04-23 13:24:40"
"CQ_69eb426a73fa27.86993727","2026-04-24 10:14:02"
"CQ_69eb4ab2662739.70323371","2026-04-24 10:49:22"
"CQ_69eb5047dfbf77.18802300","2026-04-24 11:13:11"
"CQ_69eb50c9542394.62251573","2026-04-24 11:15:21"
"CQ_69eb51e5c52c96.94922979","2026-04-24 11:20:05"
"CQ_69eb53505e0d26.56029957","2026-04-24 11:26:08"
"CQ_69eb54187b29c0.48810495","2026-04-24 11:29:28"
"CQ_69eb568b9a13e4.29231270","2026-04-24 11:39:55"
"CQ_69eb5988dd8131.07055146","2026-04-24 11:52:40"
"CQ_69eb5a15ca76b5.64671912","2026-04-24 11:55:01"
"CQ_69eb5b6df2ba88.75091842","2026-04-24 12:00:45"
"CQ_69eb5bdd678522.83480570","2026-04-24 12:02:37"
"CQ_69eb5eb35f8b01.14387154","2026-04-24 12:14:43"
"CQ_69eb5edd24f4b4.64728825","2026-04-24 12:15:25"
"CQ_69eb6410df1c16.20235651","2026-04-24 12:37:36"
"CQ_69eb7332279ee5.61389614","2026-04-24 13:42:10"
"CQ_69eb742b3463d8.41648203","2026-04-24 13:46:19"
"CQ_69eb74351912b6.40379520","2026-04-24 13:46:29"
"CQ_69eb768b3c75e0.43572671","2026-04-24 13:56:27"
"CQ_69ebab5f5dd333.88683556","2026-04-24 17:41:51"
"CQ_69ebc8765ddcd0.19069183","2026-04-24 19:45:58"
"CQ_69ebc8786d9224.46524411","2026-04-24 19:46:00"
"CQ_69ebc8c943cca5.95302475","2026-04-24 19:47:21"
"CQ_69ec6b40830a17.03060548","2026-04-25 07:20:32"
"CQ_69ec9b4bc7dc00.40147809","2026-04-25 10:45:31"
"CQ_69ec9b621d3ca3.89752520","2026-04-25 10:45:54"
"CQ_69ece0529846b0.40957445","2026-04-25 15:40:02"
"CQ_69ed1eec216105.27153633","2026-04-25 20:07:08"
"CQ_69edd8b3870850.85574822","2026-04-26 09:19:47"
"CQ_69eddc9f141cc0.46994748","2026-04-26 09:36:31"
"CQ_69ee305bbc8049.15260636","2026-04-26 15:33:47"
"CQ_69f0880157d821.23215433","2026-04-28 10:12:17"
"CQ_69f08b69afa814.06671984","2026-04-28 10:26:49"
"CQ_69f08e62766867.76199213","2026-04-28 10:39:30"
"CQ_69f09149deeac2.89574326","2026-04-28 10:51:53"
"CQ_69f0914a6d8a90.52953764","2026-04-28 10:51:54"
"CQ_69f0916f637861.01670891","2026-04-28 10:52:31"
"CQ_69f09df6609272.73562816","2026-04-28 11:45:58"
"CQ_69f0b0646f2715.56459401","2026-04-28 13:04:36"
"CQ_69f0c0acb3df94.51543566","2026-04-28 14:14:04"
"CQ_69f2048e809332.19044528","2026-04-29 13:15:58"
"CQ_69f20789c0f306.67648987","2026-04-29 13:28:41"
"CQ_69f2078fd95941.70934725","2026-04-29 13:28:47"
"CQ_69f207a4605858.80575649","2026-04-29 13:29:08"
"CQ_69f207b27c8b12.96957992","2026-04-29 13:29:22"
"CQ_69f20835dea207.06364994","2026-04-29 13:31:33"
"CQ_69f20a0d46f1a0.45029225","2026-04-29 13:39:25"
"CQ_69f20a20094a75.21299539","2026-04-29 13:39:44"
"CQ_69f20b47d436d1.47138405","2026-04-29 13:44:39"
"CQ_69f20ffb9ea8e7.62938048","2026-04-29 14:04:43"
"CQ_69f644a6376793.11826529","2026-05-02 18:38:30"
"CQ_69f6616d971215.99777066","2026-05-02 20:41:17"
